contents,,,,,,,,,,,,,,,,,,,,,
"Table 1a: Deaths (numbers and rates) by area of usual residence (administrative areas), 2014 registrations, United Kingdom and constituent countries",,,,,,,,,,,,,,,,,,,,,United Kingdom
"England and Wales: regions, unitary authorities/counties/districts",,,,,,,,,,,,,,,,,,,,,and constituent countries
"Scotland: council areas, Northern Ireland: local government districts",,,,,,,,,,,,,,,,,,,,,
,,,,,,,,,,,,,,,,,,,,,
,Populations,,,Deaths (numbers),,,,,,Rates,,,,,,,,,,,
,Number (thousands),,,All ages,,,Infant ,Neonatal,Perinatal,Crude death,Age­standardised mortality rate1,,,,,Infant mortality,,Neonatal mortality,,Perinatal mortality,
,All ages,,,,,,(under 1 year),(under 4 weeks),(stillbirths and,rate (deaths,,,,,,"rate (per 1,000",,"rate (per 1,000",,"rate (per 1,000",
Area of usual residence,,,,,,,,,deaths under,per 1‚000,,,,,,live births),,live births),,births and,
,Persons,Males,Females,Persons,Males,Females,,,1 week),population),Persons,Males,,Females,,,,,,stillbirths),
,,,,,,,,,,,,,,,,,,,,,
UNITED KINGDOM                     ,"64,596.8","31,793.6","32,803.1","570,341","278,455","291,886","3,014","2,103","5,192",8.8,968.3,"1,138.1",,836.4,,3.9,,2.7,,6.7,
,,,,,,,,,,,,,,,,,,,,,
ENGLAND AND WALES2                  ,"57,408.7","28,294.5","29,114.1","501,424","245,142","256,282","2,689","1,870","4,697",8.7,953.0,"1,121.3",,821.9,,3.9,,2.7,,6.7,
,,,,,,,,,,,,,,,,,,,,,
ENGLAND                            ,"54,316.6","26,773.2","27,543.4","468,875","229,116","239,759","2,548","1,780","4,420",8.6,946.7,"1,113.8",,816.8,,3.9,,2.7,,6.7,
,,,,,,,,,,,,,,,,,,,,,
NORTH EAST                         ,"2,618.7","1,283.2","1,335.5","26,888","13,234","13,654",119,74,180,10.3,"1,089.1","1,280.0",,941.8,,4.2,,2.6,,6.3,
,,,,,,,,,,,,,,,,,,,,,
County Durham                    ,517.8,254.2,263.6,"5,348","2,615","2,733",23,13,32,10.3,"1,081.9","1,230.0",,959.4,,4.3,,2.4,u,5.9,
Darlington                       ,105.4,51.2,54.2,"1,087",546,541,4,3,7,10.3,"1,047.9","1,288.1",,877.9,,3.3,u,2.4,u,5.7,u
Hartlepool                       ,92.6,45.2,47.4,972,486,486,7,5,12,10.5,"1,115.6","1,361.0",,948.6,,6.7,u,4.8,u,11.4,u
Middlesbrough                  ,139.1,68.4,70.7,"1,484",740,744,12,6,11,10.7,"1,309.3","1,547.4",,"1,123.8",,6.0,u,3.0,u,5.5,u
Northumberland            ,316.0,154.3,161.7,"3,416","1,675","1,741",12,9,24,10.8,984.3,"1,153.3",,858.9,,4.4,u,3.3,u,8.7,
Redcar and Cleveland            ,135.0,65.6,69.4,"1,429",708,721,3,1,7,10.6,"1,015.9","1,176.5",,888.9,,2.1,u,,u,4.9,u
Stockton-on-Tees               ,194.1,95.1,99.0,"1,780",872,908,12,6,16,9.2,"1,057.8","1,213.9",,925.7,,5.2,u,2.6,u,6.8,u
,,,,,,,,,,,,,,,,,,,,,
Tyne and Wear (Met county)         ,"1,118.7",549.2,569.5,"11,372","5,592","5,780",46,31,71,10.2,"1,121.9","1,339.6",,957.0,,3.7,,2.5,,5.7,
Gateshead                          ,200.5,98.4,102.1,"2,112","1,046","1,066",10,6,15,10.5,"1,114.8","1,288.2",,970.6,,4.4,u,2.6,u,6.6,u
Newcastle upon Tyne                ,289.8,146.1,143.7,"2,533","1,288","1,245",9,5,18,8.7,"1,122.4","1,352.0",,929.6,,2.7,u,1.5,u,5.5,u
North Tyneside                     ,202.7,98.0,104.8,"2,171","1,060","1,111",10,7,10,10.7,"1,091.8","1,341.9",,906.7,,4.4,u,3.1,u,4.4,u
South Tyneside                     ,148.7,71.8,76.9,"1,629",764,865,6,4,9,11.0,"1,083.2","1,280.0",,941.8,,3.8,u,2.5,u,5.6,u
Sunderland                         ,276.9,134.9,142.0,"2,927","1,434","1,493",11,9,19,10.6,"1,183.5","1,421.8",,"1,023.5",,3.8,u,3.1,u,6.6,u
,,,,,,,,,,,,,,,,,,,,,
NORTH WEST                         ,"7,133.0","3,511.3","3,621.6","68,318","33,492","34,826",372,247,595,9.6,"1,054.9","1,236.3",,913.7,,4.3,,2.9,,6.9,
,,,,,,,,,,,,,,,,,,,,,
Blackburn with Darwen           ,146.7,73.1,73.6,"1,234",626,608,19,11,29,8.4,"1,191.1","1,387.7",,"1,015.3",,8.6,u,5.0,u,13.0,
Blackpool                       ,140.5,69.1,71.4,"1,782",871,911,8,7,17,12.7,"1,237.9","1,458.6",,"1,061.2",,4.4,u,3.8,u,9.3,u
Cheshire East                  ,374.2,183.2,190.9,"3,587","1,740","1,847",19,12,26,9.6,870.8,"1,023.6",,753.4,,5.1,u,3.2,u,6.9,
Cheshire West and Chester     ,332.2,161.8,170.4,"3,227","1,532","1,695",15,12,16,9.7,951.7,"1,089.5",,843.6,,4.3,u,3.4,u,4.5,u
Halton                           ,126.4,61.7,64.7,"1,184",592,592,3,2,10,9.4,"1,176.7","1,346.2",,"1,028.3",,1.9,u,,u,6.4,u
Warrington                   ,206.4,102.4,104.0,"1,884",912,972,11,7,11,9.1,"1,074.1","1,245.1",,945.0,,4.7,u,3.0,u,4.7,u
,,,,,,,,,,,,,,,,,,,,,
Cumbria                            ,497.9,245.3,252.6,"5,327","2,651","2,676",21,18,30,10.7,950.0,"1,136.0",,808.1,,4.4,,3.8,u,6.3,
Allerdale                          ,96.5,47.4,49.0,"1,100",528,572,5,4,7,11.4,"1,023.8","1,196.7",,896.0,,5.5,u,4.4,u,7.7,u
Barrow-in-Furness                  ,67.6,33.4,34.2,755,385,370,5,3,4,11.2,"1,111.4","1,310.0",,940.4,,6.9,u,4.1,u,5.5,u
Carlisle                           ,108.0,52.8,55.3,"1,071",546,525,3,3,7,9.9,950.8,"1,171.6",,794.1,,2.4,u,2.4,u,5.5,u
Copeland                           ,69.8,35.1,34.8,742,371,371,2,2,3,10.6,"1,047.1","1,207.1",,913.9,,,u,,u,4.4,u
Eden                               ,52.6,26.1,26.5,485,245,240,1,1,2,9.2,761.9,924.2,,644.5,,,u,,u,,u
South Lakeland                     ,103.3,50.4,52.8,"1,174",576,598,5,5,7,11.4,844.9,"1,024.2",,706.4,,6.3,u,6.3,u,8.8,u
,,,,,,,,,,,,,,,,,,,,,
Greater Manchester (Met county)    ,"2,732.9","1,354.4","1,378.4","23,820","11,772","12,048",164,109,270,8.7,"1,099.9","1,283.5",,954.8,,4.5,,3.0,,7.4,
Bolton                             ,280.4,139.0,141.5,"2,469","1,180","1,289",13,10,30,8.8,"1,070.3","1,186.0",,966.6,,3.5,u,2.7,u,7.9,
Bury                               ,187.5,91.7,95.7,"1,748",881,867,11,7,21,9.3,"1,073.9","1,300.8",,900.7,,4.7,u,3.0,u,9.0,
Manchester                         ,520.2,263.0,257.2,"3,579","1,826","1,753",47,32,68,6.9,"1,309.5","1,587.1",,"1,102.7",,5.9,,4.0,,8.5,
Oldham                             ,228.8,112.5,116.3,"2,216","1,061","1,155",21,15,24,9.7,"1,215.6","1,387.6",,"1,076.7",,6.4,,4.6,u,7.3,
Rochdale                           ,213.0,104.7,108.3,"1,992","1,000",992,13,7,20,9.4,"1,156.0","1,376.2",,991.7,,4.6,u,2.5,u,7.0,
Salford                            ,242.0,121.6,120.5,"2,146","1,071","1,075",15,10,23,8.9,"1,159.2","1,364.6",,998.6,,4.3,u,2.8,u,6.5,
Stockport                          ,286.8,140.3,146.5,"2,683","1,272","1,411",14,8,22,9.4,930.8,"1,049.2",,827.3,,4.1,u,2.4,u,6.5,
Tameside                           ,220.8,108.5,112.3,"2,120","1,039","1,081",10,6,25,9.6,"1,137.6","1,326.9",,995.6,,3.4,u,2.0,u,8.3,
Trafford                           ,232.5,113.9,118.5,"1,913",930,983,11,8,15,8.2,900.6,"1,064.5",,779.5,,4.1,u,3.0,u,5.5,u
Wigan                              ,321.0,159.3,161.7,"2,954","1,512","1,442",9,6,22,9.2,"1,091.6","1,289.2",,936.1,,2.5,u,1.6,u,6.0,
,,,,,,,,,,,,,,,,,,,,,
Lancashire                         ,"1,184.7",583.7,601.0,"12,004","5,888","6,116",51,30,77,10.1,"1,031.7","1,217.6",,889.1,,3.9,,2.3,,5.8,
Burnley                            ,87.3,43.0,44.3,911,418,493,5,3,7,10.4,"1,167.0","1,293.1",,"1,073.2",,4.5,u,2.7,u,6.2,u
Chorley                            ,111.6,55.8,55.8,"1,044",524,520,9,4,7,9.4,"1,050.6","1,269.3",,891.5,,7.3,u,3.2,u,5.7,u
Fylde                              ,77.0,37.6,39.4,"1,019",487,532,0,0,2,13.2,969.9,"1,166.3",,816.9,,,u,,u,,u
Hyndburn                           ,80.2,39.7,40.5,812,410,402,7,5,7,10.1,"1,162.3","1,375.1",,993.2,,6.5,u,4.6,u,6.4,u
Lancaster                          ,141.3,69.3,72.0,"1,481",696,785,3,2,9,10.5,"1,056.0","1,205.5",,938.6,,2.0,u,,u,6.0,u
Pendle                             ,89.8,44.3,45.5,873,439,434,7,5,12,9.7,"1,083.1","1,276.7",,917.9,,5.4,u,3.8,u,9.1,u
Preston                            ,140.5,70.7,69.7,"1,205",618,587,4,2,10,8.6,"1,125.4","1,352.2",,944.2,,2.1,u,,u,5.3,u
Ribble Valley                      ,58.1,28.5,29.6,608,280,328,3,1,1,10.5,944.3,"1,088.9",,841.9,,6.6,u,,u,,u
Rossendale                         ,69.2,33.9,35.2,650,341,309,5,2,5,9.4,"1,086.0","1,342.3",,875.1,,6.0,u,,u,6.0,u
South Ribble                       ,109.1,53.4,55.6,939,465,474,6,5,10,8.6,885.8,"1,038.9",,770.8,,5.0,u,4.1,u,8.2,u
West Lancashire                    ,111.9,54.5,57.5,"1,075",514,561,2,1,4,9.6,965.2,"1,110.9",,859.1,,,u,,u,3.9,u
Wyre                               ,108.7,53.0,55.8,"1,387",696,691,0,0,3,12.8,974.7,"1,200.0",,817.4,,,u,,u,3.0,u
,,,,,,,,,,,,,,,,,,,,,
Merseyside (Met county)            ,"1,391.1",676.6,714.5,"14,269","6,908","7,361",61,39,109,10.3,"1,091.1","1,282.9",,945.7,,3.8,,2.4,,6.8,
Knowsley                           ,146.4,69.6,76.8,"1,492",714,778,4,2,14,10.2,"1,186.7","1,368.9",,"1,051.6",,2.1,u,,u,7.4,u
Liverpool                          ,473.1,234.1,239.0,"4,200","2,092","2,108",33,25,48,8.9,"1,166.6","1,370.7",,"1,007.1",,5.6,,4.3,,8.2,
Sefton                             ,273.5,131.2,142.3,"3,192","1,499","1,693",10,5,13,11.7,"1,010.1","1,194.9",,869.5,,3.6,u,1.8,u,4.7,u
St Helens                          ,177.2,87.0,90.2,"1,837",910,927,6,4,12,10.4,"1,103.2","1,303.3",,960.5,,3.0,u,2.0,u,6.1,u
Wirral                             ,320.9,154.7,166.2,"3,548","1,693","1,855",8,3,22,11.1,"1,045.1","1,235.5",,902.8,,2.3,u,0.8,u,6.2,
,,,,,,,,,,,,,,,,,,,,,
YORKSHIRE AND THE HUMBER           ,"5,360.0","2,641.4","2,718.6","49,268","23,960","25,308",258,175,465,9.2,"1,011.9","1,185.5",,876.7,,4.0,,2.7,,7.2,
,,,,,,,,,,,,,,,,,,,,,
East Riding of Yorkshire   ,337.1,165.2,171.9,"3,591","1,749","1,842",5,5,19,10.7,926.8,"1,095.1",,804.7,,1.7,u,1.7,u,6.3,u
Kingston upon Hull‚ City of ,257.7,129.3,128.4,"2,476","1,229","1,247",14,11,37,9.6,"1,248.9","1,447.8",,"1,086.1",,4.0,u,3.1,u,10.4,
North East Lincolnshire   ,159.8,78.4,81.4,"1,570",784,786,5,4,12,9.8,"1,002.5","1,198.0",,850.7,,2.6,u,2.1,u,6.1,u
North Lincolnshire       ,169.2,83.6,85.7,"1,654",801,853,5,5,10,9.8,987.0,"1,167.0",,864.0,,2.9,u,2.9,u,5.8,u
York                         ,204.4,99.9,104.5,"1,771",809,962,4,4,14,8.7,915.3,"1,036.3",,826.5,,2.0,u,2.0,u,6.9,u
,,,,,,,,,,,,,,,,,,,,,
North Yorkshire                    ,601.5,296.0,305.5,"6,079","2,936","3,143",20,12,35,10.1,881.0,"1,044.1",,755.4,,3.6,,2.1,u,6.2,
Craven                             ,55.7,26.9,28.8,606,289,317,0,0,1,10.9,830.8,"1,006.7",,707.9,,,u,,u,,u
Hambleton                          ,89.8,44.2,45.7,863,451,412,2,1,5,9.6,811.7,"1,021.6",,658.1,,,u,,u,6.1,u
Harrogate                          ,157.3,76.7,80.5,"1,601",696,905,6,4,12,10.2,871.3,972.0,,794.4,,4.2,u,2.8,u,8.4,u
Richmondshire                      ,52.7,28.3,24.4,446,215,231,0,0,2,8.5,928.6,"1,030.9",,838.7,,,u,,u,,u
Ryedale                            ,52.7,25.8,26.8,512,268,244,3,2,2,9.7,790.3,977.0,,645.4,,6.6,u,,u,,u
Scarborough                        ,108.0,52.3,55.7,"1,323",655,668,6,3,8,12.2,989.8,"1,196.3",,823.7,,5.8,u,2.9,u,7.7,u
Selby                              ,85.4,41.9,43.5,728,362,366,3,2,5,8.5,919.5,"1,093.6",,781.2,,3.2,u,,u,5.3,u
,,,,,,,,,,,,,,,,,,,,,
South Yorkshire (Met county)       ,"1,365.8",675.2,690.7,"12,684","6,164","6,520",69,38,106,9.3,"1,041.2","1,205.6",,909.3,,4.3,,2.4,,6.6,
Barnsley                           ,237.8,117.3,120.6,"2,305","1,110","1,195",12,6,10,9.7,"1,066.4","1,209.7",,945.7,,4.3,u,2.2,u,3.6,u
Doncaster                          ,304.2,150.6,153.6,"3,014","1,498","1,516",14,8,21,9.9,"1,070.3","1,258.4",,927.7,,3.9,u,2.2,u,5.9,
Rotherham                          ,260.1,127.8,132.3,"2,597","1,229","1,368",12,9,24,10.0,"1,076.6","1,221.4",,961.0,,3.9,u,2.9,u,7.8,
Sheffield                          ,563.7,279.5,284.2,"4,768","2,327","2,441",31,15,51,8.5,993.1,"1,163.5",,853.9,,4.7,,2.3,u,7.7,
,,,,,,,,,,,,,,,,,,,,,
West Yorkshire (Met county)        ,"2,264.3","1,113.8","1,150.5","19,443","9,488","9,955",136,96,232,8.6,"1,045.1","1,230.3",,900.6,,4.5,,3.2,,7.6,
Bradford                           ,528.2,260.3,267.9,"4,416","2,149","2,267",52,32,73,8.4,"1,092.6","1,274.6",,942.5,,6.4,,4.0,,9.0,
Calderdale                         ,207.4,101.6,105.8,"1,868",904,964,9,7,19,9.0,"1,008.3","1,209.3",,865.7,,3.6,u,2.8,u,7.5,u
Kirklees                           ,431.0,213.2,217.9,"3,685","1,744","1,941",23,16,56,8.5,"1,033.3","1,194.3",,914.2,,4.2,,2.9,u,10.2,
Leeds                              ,766.4,376.0,390.4,"6,317","3,121","3,196",39,30,59,8.2,"1,032.9","1,223.9",,880.2,,3.8,,3.0,,5.8,
Wakefield                          ,331.4,162.8,168.6,"3,157","1,570","1,587",13,11,25,9.5,"1,045.4","1,249.8",,893.0,,3.3,u,2.8,u,6.3,
,,,,,,,,,,,,,,,,,,,,,
EAST MIDLANDS                      ,"4,637.4","2,288.1","2,349.4","41,939","20,742","21,197",231,169,368,9.0,964.0,"1,141.7",,827.3,,4.3,,3.2,,6.9,
,,,,,,,,,,,,,,,,,,,,,
Derby                            ,252.5,125.0,127.4,"2,159","1,117","1,042",19,15,33,8.6,991.7,"1,245.1",,808.4,,5.4,u,4.3,u,9.3,
Leicester                       ,337.7,167.3,170.3,"2,458","1,239","1,219",17,12,43,7.3,"1,108.4","1,350.8",,926.6,,3.2,u,2.3,u,8.1,
Nottingham                 ,314.3,158.7,155.6,"2,299","1,152","1,147",36,27,51,7.3,"1,107.2","1,319.3",,938.4,,8.5,,6.4,,11.9,
Rutland                         ,38.0,19.6,18.5,340,168,172,3,2,1,8.9,753.4,899.1,,651.6,,8.8,u,,u,,u
,,,,,,,,,,,,,,,,,,,,,
Derbyshire                         ,779.8,383.1,396.7,"7,811","3,830","3,981",29,21,41,10.0,987.0,"1,172.1",,845.8,,3.7,,2.7,,5.2,
Amber Valley                       ,123.9,60.8,63.1,"1,255",596,659,7,5,7,10.1,975.5,"1,124.4",,859.3,,5.6,u,4.0,u,5.6,u
Bolsover                           ,77.2,38.0,39.1,874,448,426,7,4,7,11.3,"1,186.6","1,508.4",,969.3,,8.5,u,4.9,u,8.5,u
Chesterfield                       ,104.3,51.2,53.1,"1,109",530,579,3,0,4,10.6,"1,032.4","1,222.0",,897.2,,2.6,u,,u,3.5,u
Derbyshire Dales                   ,71.3,35.1,36.2,775,377,398,1,1,2,10.9,874.8,"1,069.0",,741.4,,,u,,u,,u
Erewash                            ,114.0,55.8,58.3,"1,114",531,583,1,1,3,9.8,978.6,"1,132.0",,863.7,,,u,,u,2.3,u
High Peak                          ,91.4,44.9,46.5,814,405,409,3,3,4,8.9,934.9,"1,123.5",,782.6,,3.4,u,3.4,u,4.5,u
North East Derbyshire              ,99.4,48.7,50.7,"1,052",513,539,4,4,9,10.6,955.8,"1,082.5",,852.1,,4.6,u,4.6,u,10.2,u
South Derbyshire                   ,98.4,48.6,49.7,818,430,388,3,3,5,8.3,"1,010.8","1,235.0",,820.9,,2.8,u,2.8,u,4.6,u
,,,,,,,,,,,,,,,,,,,,,
Leicestershire                     ,667.9,330.5,337.4,"5,755","2,841","2,914",25,20,45,8.6,877.2,"1,055.6",,747.3,,3.7,,2.9,,6.6,
Blaby                              ,95.9,47.1,48.8,785,392,393,6,5,8,8.2,829.8,990.0,,705.4,,5.6,u,4.7,u,7.5,u
Charnwood                          ,173.5,87.2,86.3,"1,397",665,732,10,9,18,8.0,894.3,"1,030.1",,789.2,,5.7,u,5.1,u,10.1,u
Harborough                         ,88.0,43.6,44.4,795,396,399,2,1,5,9.0,871.0,"1,071.0",,739.6,,,u,,u,6.1,u
Hinckley and Bosworth              ,107.7,53.1,54.7,913,474,439,1,1,2,8.5,848.5,"1,069.3",,679.5,,,u,,u,,u
Melton                             ,51.0,25.0,26.0,445,224,221,1,1,4,8.7,851.9,"1,042.8",,705.4,,,u,,u,7.8,u
North West Leicestershire          ,95.9,47.5,48.4,857,416,441,5,3,8,8.9,948.2,"1,128.0",,830.8,,5.1,u,3.1,u,8.2,u
Oadby and Wigston                  ,55.9,27.1,28.9,563,274,289,0,0,0,10.1,898.0,"1,089.6",,771.0,,,u,,u,,u
,,,,,,,,,,,,,,,,,,,,,
Lincolnshire                       ,731.5,357.2,374.3,"7,456","3,668","3,788",21,14,46,10.2,927.7,"1,077.4",,811.5,,2.7,,1.8,u,5.9,
Boston                             ,66.5,32.6,33.8,686,334,352,5,3,8,10.3,989.6,"1,200.0",,867.1,,5.8,u,3.5,u,9.3,u
East Lindsey                       ,137.6,67.2,70.5,"1,779",866,913,1,1,6,12.9,989.9,"1,100.2",,901.9,,,u,,u,5.0,u
Lincoln                            ,96.2,47.4,48.8,806,392,414,0,0,3,8.4,"1,029.8","1,257.4",,877.1,,,u,,u,2.4,u
North Kesteven                     ,111.0,54.3,56.7,993,473,520,6,5,8,8.9,813.8,895.6,,738.2,,5.5,u,4.6,u,7.2,u
South Holland                      ,90.4,44.2,46.2,"1,061",540,521,3,2,9,11.7,980.0,"1,175.3",,828.4,,3.1,u,,u,9.3,u
South Kesteven                     ,138.0,66.6,71.3,"1,281",626,655,4,2,9,9.3,872.5,"1,043.0",,750.1,,2.7,u,,u,6.1,u
West Lindsey                       ,91.8,44.8,46.9,850,437,413,2,1,3,9.3,856.9,997.1,,724.2,,,u,,u,3.3,u
,,,,,,,,,,,,,,,,,,,,,
Northamptonshire                   ,714.4,352.2,362.2,"5,874","2,913","2,961",39,29,60,8.2,956.6,"1,125.7",,823.4,,4.5,,3.3,,6.8,
Corby                              ,65.4,32.1,33.4,537,287,250,3,2,8,8.2,"1,143.6","1,390.6",,941.0,,3.3,u,,u,8.7,u
Daventry                           ,79.0,39.4,39.6,674,329,345,2,0,4,8.5,938.9,"1,072.0",,824.9,,,u,,u,5.6,u
East Northamptonshire              ,88.9,43.9,44.9,818,394,424,5,4,6,9.2,943.4,"1,117.3",,824.4,,5.8,u,4.7,u,7.0,u
Kettering                          ,96.9,47.6,49.3,828,408,420,3,3,8,8.5,942.4,"1,163.1",,790.8,,2.4,u,2.4,u,6.4,u
Northampton                        ,219.5,108.3,111.2,"1,688",836,852,14,12,20,7.7,"1,007.4","1,170.9",,864.7,,4.3,u,3.7,u,6.2,
South Northamptonshire             ,88.2,43.5,44.7,681,339,342,6,4,6,7.7,810.4,943.8,,708.4,,7.2,u,4.8,u,7.2,u
Wellingborough                     ,76.4,37.3,39.1,648,320,328,6,4,8,8.5,937.7,"1,084.4",,823.2,,6.3,u,4.2,u,8.4,u
,,,,,,,,,,,,,,,,,,,,,
Nottinghamshire                    ,801.4,394.4,407.0,"7,787","3,814","3,973",42,29,48,9.7,986.2,"1,151.1",,856.1,,4.8,,3.3,,5.5,
Ashfield                           ,122.5,60.1,62.5,"1,221",621,600,10,9,11,10.0,"1,117.8","1,355.7",,936.6,,6.9,u,6.2,u,7.6,u
Bassetlaw                          ,114.1,56.6,57.6,"1,181",584,597,5,3,7,10.3,"1,032.3","1,217.9",,900.6,,4.2,u,2.5,u,5.9,u
Broxtowe                           ,111.8,55.3,56.4,"1,063",513,550,5,3,9,9.5,948.3,"1,093.9",,831.0,,4.1,u,2.5,u,7.4,u
Gedling                            ,115.6,56.4,59.2,"1,121",558,563,5,4,5,9.7,977.2,"1,143.1",,837.0,,4.0,u,3.2,u,4.0,u
Mansfield                          ,105.9,52.1,53.8,"1,047",523,524,10,7,10,9.9,"1,057.8","1,244.3",,907.8,,7.7,u,5.4,u,7.6,u
Newark and Sherwood                ,117.8,57.9,59.8,"1,191",542,649,6,3,3,10.1,992.3,"1,101.3",,910.9,,4.9,u,2.4,u,2.4,u
Rushcliffe                         ,113.7,56.0,57.7,963,473,490,1,0,3,8.5,803.0,946.2,,687.4,,,u,,u,2.9,u
,,,,,,,,,,,,,,,,,,,,,
WEST MIDLANDS                      ,"5,713.3","2,824.3","2,889.0","51,704","25,557","26,147",388,288,575,9.0,978.8,"1,159.0",,837.7,,5.5,,4.1,,8.2,
,,,,,,,,,,,,,,,,,,,,,
Herefordshire‚ County of         ,187.2,92.5,94.6,"1,920",911,"1,009",9,7,17,10.3,874.0,"1,009.6",,769.3,,5.2,u,4.1,u,9.8,u
Shropshire                     ,310.1,153.8,156.4,"3,039","1,466","1,573",10,6,17,9.8,857.6,"1,014.2",,746.0,,3.5,u,2.1,u,6.0,u
Stoke-on-Trent             ,251.0,125.1,126.0,"2,368","1,221","1,147",26,18,34,9.4,"1,133.4","1,408.4",,936.2,,7.1,,4.9,u,9.3,
Telford and Wrekin             ,169.4,84.0,85.5,"1,296",662,634,11,9,15,7.6,983.0,"1,180.0",,833.4,,5.4,u,4.4,u,7.3,u
,,,,,,,,,,,,,,,,,,,,,
Staffordshire                      ,860.2,427.0,433.1,"8,229","3,970","4,259",34,25,54,9.6,966.1,"1,110.2",,846.6,,3.9,,2.9,,6.2,
Cannock Chase                      ,98.5,48.8,49.8,882,432,450,7,5,13,8.9,"1,029.5","1,189.3",,892.7,,6.3,u,4.5,u,11.7,u
East Staffordshire                 ,115.7,57.6,58.1,"1,070",526,544,7,5,11,9.3,"1,011.0","1,198.8",,873.8,,4.9,u,3.5,u,7.6,u
Lichfield                          ,102.1,50.5,51.6,"1,026",487,539,5,5,7,10.0,945.4,"1,060.0",,843.3,,5.1,u,5.1,u,7.1,u
Newcastle-under-Lyme               ,126.1,62.5,63.6,"1,185",567,618,5,4,9,9.4,966.1,"1,101.8",,848.9,,3.9,u,3.1,u,6.9,u
South Staffordshire                ,110.7,55.3,55.4,"1,084",523,561,3,1,0,9.8,893.9,"1,042.4",,782.2,,3.3,u,,u,,u
Stafford                           ,132.2,66.4,65.9,"1,326",649,677,1,1,4,10.0,961.8,"1,109.7",,831.2,,,u,,u,3.3,u
Staffordshire Moorlands            ,97.8,48.2,49.6,"1,024",470,554,2,1,2,10.5,943.7,"1,031.7",,866.1,,,u,,u,,u
Tamworth                           ,77.1,37.8,39.3,632,316,316,4,3,8,8.2,"1,035.2","1,222.9",,888.0,,4.4,u,3.3,u,8.8,u
,,,,,,,,,,,,,,,,,,,,,
Warwickshire                       ,551.6,272.4,279.2,"5,065","2,458","2,607",28,23,40,9.2,899.4,"1,054.9",,777.0,,4.8,,3.9,,6.8,
North Warwickshire                 ,62.5,30.8,31.7,615,298,317,5,4,2,9.8,977.2,"1,149.2",,857.8,,8.8,u,7.0,u,,u
Nuneaton and Bedworth              ,126.2,61.8,64.3,"1,153",581,572,6,5,8,9.1,"1,018.7","1,230.2",,852.7,,3.9,u,3.3,u,5.2,u
Rugby                              ,102.5,51.0,51.5,884,431,453,6,5,11,8.6,886.6,"1,012.2",,779.8,,4.8,u,4.0,u,8.8,u
Stratford-on-Avon                  ,121.1,58.9,62.2,"1,302",618,684,7,6,9,10.8,852.5,"1,007.8",,742.3,,6.8,u,5.8,u,8.6,u
Warwick                            ,139.4,69.9,69.5,"1,111",530,581,4,3,10,8.0,829.1,961.1,,718.8,,2.7,u,2.0,u,6.6,u
,,,,,,,,,,,,,,,,,,,,,
West Midlands (Met county)         ,"2,808.4","1,386.0","1,422.4","24,113","12,088","12,025",241,180,356,8.6,"1,033.6","1,235.2",,874.8,,6.1,,4.6,,9.0,
Birmingham                         ,"1,101.4",543.6,557.8,"8,516","4,408","4,108",123,91,172,7.7,"1,066.6","1,308.5",,876.9,,7.3,,5.4,,10.1,
Coventry                           ,337.4,169.3,168.1,"2,673","1,276","1,397",16,8,32,7.9,"1,012.8","1,151.2",,900.7,,3.5,u,1.7,u,7.0,
Dudley                             ,315.8,155.1,160.7,"3,088","1,558","1,530",16,13,24,9.8,997.6,"1,200.1",,840.7,,4.3,u,3.5,u,6.4,
Sandwell                           ,316.7,156.4,160.4,"2,814","1,395","1,419",25,21,42,8.9,"1,092.1","1,301.5",,933.2,,5.3,,4.5,,8.9,
Solihull                           ,209.9,101.9,108.0,"1,947",922,"1,025",10,8,14,9.3,866.2,"1,016.4",,755.8,,4.4,u,3.5,u,6.2,u
Walsall                            ,274.2,134.6,139.5,"2,630","1,316","1,314",33,25,35,9.6,"1,056.9","1,243.4",,897.6,,8.8,,6.7,,9.3,
Wolverhampton                      ,253.0,125.1,127.9,"2,445","1,213","1,232",18,14,37,9.7,"1,069.2","1,266.7",,915.7,,5.2,u,4.0,u,10.6,
,,,,,,,,,,,,,,,,,,,,,
Worcestershire                     ,575.4,283.5,291.9,"5,674","2,781","2,893",29,20,42,9.9,916.3,"1,088.9",,785.1,,4.9,,3.4,,7.1,
Bromsgrove                         ,95.5,47.2,48.3,"1,040",499,541,6,4,5,10.9,932.1,"1,126.2",,787.6,,6.6,u,4.4,u,5.5,u
Malvern Hills                      ,75.9,37.0,38.9,951,455,496,5,3,8,12.5,901.8,"1,061.9",,787.5,,8.4,u,5.0,u,13.3,u
Redditch                           ,84.5,42.0,42.5,622,315,307,5,4,6,7.4,910.0,"1,080.9",,782.7,,4.5,u,3.6,u,5.4,u
Worcester                          ,100.8,49.8,51.1,809,398,411,10,6,8,8.0,955.0,"1,132.9",,806.8,,8.4,u,5.1,u,6.7,u
Wychavon                           ,119.8,58.8,61.0,"1,236",623,613,0,0,4,10.3,878.9,"1,061.5",,743.0,,,u,,u,3.8,u
Wyre Forest                        ,99.0,48.8,50.1,"1,016",491,525,3,3,11,10.3,919.8,"1,057.8",,807.4,,2.9,u,2.9,u,10.4,u
,,,,,,,,,,,,,,,,,,,,,
EAST                               ,"6,018.4","2,962.5","3,055.9","53,236","25,743","27,493",262,195,441,8.8,896.7,"1,047.1",,781.1,,3.6,,2.7,,6.1,
,,,,,,,,,,,,,,,,,,,,,
Bedford                      ,163.9,80.7,83.2,"1,314",627,687,10,8,20,8.0,885.7,"1,019.7",,778.3,,4.7,u,3.7,u,9.2,
Central Bedfordshire             ,269.1,133.2,135.8,"1,902",924,978,8,6,14,7.1,850.4,940.9,,775.6,,2.5,u,1.8,u,4.3,u
Luton                            ,211.0,106.4,104.5,"1,429",716,713,17,13,32,6.8,"1,033.6","1,180.3",,907.6,,4.9,u,3.7,u,9.1,
Peterborough                    ,190.5,95.0,95.5,"1,486",718,768,13,10,22,7.8,"1,015.9","1,173.5",,890.4,,4.1,u,3.2,u,7.0,
Southend on Sea              ,177.9,87.2,90.7,"1,771",829,942,8,5,10,10.0,953.9,"1,114.7",,813.5,,3.6,u,2.3,u,4.5,u
Thurrock                        ,163.3,80.4,82.8,"1,155",549,606,8,7,18,7.1,"1,012.1","1,168.0",,895.6,,3.4,u,3.0,u,7.6,u
,,,,,,,,,,,,,,,,,,,,,
Cambridgeshire                     ,639.8,319.6,320.3,"5,001","2,459","2,542",26,19,54,7.8,846.2,"1,003.9",,730.1,,3.6,u,2.6,,7.4,
Cambridge                          ,128.5,66.5,62.0,827,401,426,7,4,10,6.4,868.2,"1,052.1",,744.0,,4.9,u,2.8,u,7.0,u
East Cambridgeshire                ,86.7,42.7,44.0,697,326,371,2,1,6,8.0,839.4,964.7,,756.6,,,u,,u,5.8,u
Fenland                            ,97.7,48.3,49.5,"1,076",519,557,9,8,11,11.0,996.5,"1,121.3",,877.5,,8.1,u,7.2,u,9.8,u
Huntingdonshire                    ,173.6,86.4,87.2,"1,251",634,617,3,3,12,7.2,795.4,970.7,,673.4,,1.5,u,1.5,u,6.1,u
South Cambridgeshire               ,153.3,75.7,77.6,"1,150",579,571,5,3,15,7.5,790.9,952.8,,671.3,,2.9,u,1.7,u,8.6,u
,,,,,,,,,,,,,,,,,,,,,
Essex                              ,"1,432.0",699.5,732.4,"13,594","6,470","7,124",59,46,101,9.5,929.1,"1,078.7",,817.2,,3.6,,2.8,,6.1,
Basildon                           ,180.5,87.7,92.8,"1,522",722,800,5,4,18,8.4,965.9,"1,134.7",,853.0,,2.1,u,1.6,u,7.4,u
Braintree                          ,150.0,73.5,76.4,"1,331",633,698,6,3,8,8.9,916.8,"1,100.7",,795.6,,3.6,u,1.8,u,4.9,u
Brentwood                          ,75.6,36.7,38.9,776,369,407,2,2,2,10.3,922.9,"1,099.6",,795.5,,,u,,u,,u
Castle Point                       ,88.9,43.3,45.7,976,478,498,5,3,1,11.0,956.5,"1,122.1",,833.8,,5.8,u,3.5,u,,u
Chelmsford                         ,171.6,84.7,87.0,"1,343",672,671,5,3,8,7.8,819.8,976.9,,691.9,,2.6,u,1.5,u,4.1,u
Colchester                         ,180.4,89.3,91.1,"1,527",711,816,8,6,15,8.5,971.6,"1,093.1",,873.1,,3.6,u,2.7,u,6.7,u
Epping Forest                      ,128.8,62.3,66.5,"1,375",639,736,5,5,6,10.7,"1,024.9","1,180.8",,898.2,,3.4,u,3.4,u,4.1,u
Harlow                             ,84.6,40.9,43.6,734,346,388,7,6,7,8.7,"1,029.1","1,191.4",,899.3,,5.1,u,4.4,u,5.1,u
Maldon                             ,62.8,31.0,31.8,614,289,325,2,2,3,9.8,915.1,"1,049.3",,823.5,,,u,,u,5.6,u
Rochford                           ,84.8,41.5,43.3,746,358,388,4,3,4,8.8,808.7,938.7,,712.8,,5.0,u,3.8,u,5.0,u
Tendring                           ,139.9,67.1,72.8,"1,953",912,"1,041",6,6,16,14.0,966.3,"1,098.2",,869.4,,4.4,u,4.4,u,11.6,u
Uttlesford                         ,84.0,41.5,42.5,697,341,356,4,3,13,8.3,846.5,989.4,,740.3,,4.4,u,3.3,u,14.0,u
,,,,,,,,,,,,,,,,,,,,,
Hertfordshire                      ,"1,154.8",565.3,589.5,"9,162","4,396","4,766",47,30,70,7.9,878.5,"1,035.8",,761.5,,3.2,,2.1,,4.8,
Broxbourne                         ,95.7,46.3,49.5,671,346,325,3,2,6,7.0,784.5,965.0,,650.2,,2.5,u,,u,4.9,u
Dacorum                            ,149.7,73.6,76.1,"1,100",534,566,4,3,11,7.3,803.5,938.8,,695.5,,2.1,u,1.6,u,5.8,u
East Hertfordshire                 ,143.0,70.2,72.9,"1,011",502,509,3,2,9,7.1,815.1,"1,011.5",,689.7,,1.8,u,,u,5.5,u
Hertsmere                          ,102.4,49.4,53.1,912,447,465,2,2,2,8.9,884.4,"1,094.9",,742.7,,,u,,u,,u
North Hertfordshire                ,131.0,64.3,66.7,"1,232",565,667,8,6,10,9.4,953.3,"1,090.9",,854.0,,5.2,u,3.9,u,6.5,u
St Albans                          ,144.8,70.8,74.0,"1,046",481,565,5,3,9,7.2,791.1,869.6,,715.3,,2.8,u,1.7,u,5.0,u
Stevenage                          ,86.0,42.3,43.7,749,377,372,3,1,5,8.7,"1,073.2","1,331.1",,904.8,,2.6,u,,u,4.3,u
Three Rivers                       ,90.4,43.9,46.5,753,352,401,2,1,3,8.3,851.0,"1,012.7",,739.5,,,u,,u,2.9,u
Watford                            ,95.5,47.2,48.3,715,331,384,5,3,6,7.5,"1,046.4","1,190.0",,932.8,,3.4,u,2.0,u,4.0,u
Welwyn Hatfield                    ,116.0,57.3,58.8,973,461,512,12,7,9,8.4,921.0,"1,080.7",,791.8,,8.8,u,5.1,u,6.6,u
,,,,,,,,,,,,,,,,,,,,,
Norfolk                            ,877.7,430.8,446.9,"9,270","4,538","4,732",38,26,50,10.6,892.7,"1,048.2",,770.1,,4.2,,2.9,,5.5,
Breckland                          ,134.0,66.5,67.5,"1,461",694,767,4,4,5,10.9,914.5,"1,045.0",,820.6,,2.8,u,2.8,u,3.5,u
Broadland                          ,126.0,61.4,64.5,"1,353",665,688,4,2,6,10.7,850.6,"1,013.3",,715.5,,3.7,u,,u,5.6,u
Great Yarmouth                     ,98.2,48.4,49.8,"1,177",598,579,5,4,7,12.0,"1,067.7","1,318.0",,882.8,,4.6,u,3.7,u,6.5,u
King's Lynn and West Norfolk       ,150.0,73.4,76.6,"1,621",827,794,7,5,10,10.8,886.0,"1,061.7",,744.9,,4.2,u,3.0,u,6.0,u
North Norfolk                      ,102.9,50.0,52.8,"1,367",648,719,2,1,1,13.3,853.1,992.9,,736.7,,,u,,u,,u
Norwich                            ,137.5,68.1,69.4,"1,043",485,558,9,4,12,7.6,895.4,"1,012.5",,803.2,,5.1,u,2.3,u,6.8,u
South Norfolk                      ,129.2,63.0,66.2,"1,248",621,627,7,6,9,9.7,834.9,979.2,,724.4,,5.3,u,4.5,u,6.7,u
,,,,,,,,,,,,,,,,,,,,,
Suffolk                            ,738.5,364.4,374.1,"7,152","3,517","3,635",28,25,50,9.7,851.0,"1,004.6",,731.2,,3.5,,3.1,,6.3,
Babergh                            ,88.8,43.3,45.6,903,426,477,2,2,8,10.2,816.7,931.1,,723.7,,,u,,u,10.5,u
Forest Heath                       ,62.8,31.7,31.1,522,259,263,3,2,5,8.3,934.3,"1,076.1",,825.9,,3.0,u,,u,4.9,u
Ipswich                            ,135.0,67.3,67.7,"1,123",554,569,5,5,10,8.3,942.6,"1,123.2",,806.8,,2.7,u,2.7,u,5.3,u
Mid Suffolk                        ,99.1,49.0,50.1,875,450,425,3,3,4,8.8,795.8,953.3,,671.5,,3.3,u,3.3,u,4.3,u
St Edmundsbury                     ,112.1,56.2,55.9,955,468,487,4,3,7,8.5,786.9,931.8,,679.8,,3.5,u,2.6,u,6.0,u
Suffolk Coastal                    ,124.8,60.8,64.0,"1,354",667,687,3,3,5,10.9,802.3,965.2,,678.2,,2.8,u,2.8,u,4.7,u
Waveney                            ,115.9,56.1,59.8,"1,420",693,727,8,7,11,12.2,931.0,"1,093.6",,797.4,,6.7,u,5.9,u,9.2,u
,,,,,,,,,,,,,,,,,,,,,
LONDON                             ,"8,538.7","4,234.0","4,304.7","47,583","23,584","23,999",393,269,829,5.6,875.7,"1,028.9",,752.7,,3.1,,2.1,,6.5,
,,,,,,,,,,,,,,,,,,,,,
INNER LONDON                       ,"3,395.7","1,700.3","1,695.3","15,062","7,834","7,228",169,119,345,4.4,887.8,"1,052.2",,752.7,,3.3,,2.4,,6.8,
Camden                             ,234.8,116.8,118.1,"1,060",549,511,7,6,13,4.5,721.3,889.1,,592.8,,2.6,u,2.2,u,4.8,u
City of London                     ,8.1,4.5,3.6,28,17,11,0,0,0,3.5,407.0,461.3,u,343.2,u,,u,,u,,u
Hackney                            ,263.2,130.7,132.4,"1,045",549,496,18,13,40,4.0,961.8,"1,093.8",,845.9,,4.1,u,3.0,u,9.1,
Hammersmith and Fulham             ,178.4,87.3,91.1,846,438,408,8,6,12,4.7,888.4,"1,124.1",,721.2,,3.3,u,2.5,u,4.9,u
Haringey                           ,267.5,134.1,133.5,"1,173",632,541,9,8,31,4.4,869.8,"1,064.3",,718.1,,2.2,u,2.0,u,7.7,
Islington                          ,221.0,110.1,111.0,"1,003",515,488,11,7,14,4.5,928.1,"1,076.5",,803.4,,3.8,u,2.4,u,4.8,u
Kensington and Chelsea             ,156.2,77.3,78.9,785,384,401,6,4,19,5.0,690.8,766.4,,623.5,,3.3,u,2.2,u,10.3,u
Lambeth                            ,318.2,159.5,158.7,"1,378",729,649,17,15,26,4.3,940.2,"1,118.8",,796.1,,3.8,u,3.3,u,5.7,
Lewisham                           ,291.9,143.5,148.4,"1,536",766,770,19,14,37,5.3,977.3,"1,176.6",,830.2,,4.0,u,2.9,u,7.7,
Newham                             ,324.3,169.2,155.1,"1,264",708,556,15,7,49,3.9,982.0,"1,213.2",,793.5,,2.5,u,1.2,u,8.1,
Southwark                          ,302.5,150.0,152.6,"1,357",697,660,15,11,29,4.5,969.3,"1,126.1",,838.8,,3.2,u,2.4,u,6.2,
Tower Hamlets                      ,284.0,146.9,137.1,"1,062",558,504,22,14,38,3.7,"1,064.4","1,206.7",,934.8,,4.8,,3.0,u,8.2,
Wandsworth                         ,312.1,150.0,162.1,"1,442",720,722,17,12,23,4.6,914.3,"1,120.3",,767.8,,3.3,u,2.3,u,4.5,
Westminster                        ,233.3,120.5,112.8,"1,083",572,511,5,2,14,4.6,726.6,831.4,,623.6,,1.9,u,,u,5.3,u
,,,,,,,,,,,,,,,,,,,,,
OUTER LONDON                       ,"5,143.0","2,533.7","2,609.4","32,521","15,750","16,771",224,150,484,6.3,868.0,"1,016.1",,750.8,,2.9,,2.0,,6.3,
Barking and Dagenham               ,198.3,96.9,101.4,"1,266",605,661,13,7,27,6.4,"1,084.7","1,283.6",,925.5,,3.6,u,2.0,u,7.5,
Barnet                             ,374.9,184.1,190.9,"2,349","1,084","1,265",12,5,23,6.3,783.5,897.2,,693.4,,2.3,u,1.0,u,4.4,
Bexley                             ,239.9,115.6,124.3,"1,896",933,963,6,2,17,7.9,882.8,"1,084.1",,738.7,,2.0,u,,u,5.6,u
Brent                              ,320.8,162.4,158.3,"1,612",880,732,19,16,41,5.0,833.8,"1,031.8",,678.5,,3.7,u,3.2,u,8.0,
Bromley                            ,321.3,154.4,166.9,"2,631","1,214","1,417",6,6,19,8.2,847.3,981.4,,743.5,,1.5,u,1.5,u,4.6,u
Croydon                            ,376.0,182.5,193.5,"2,408","1,152","1,256",23,16,38,6.4,906.9,"1,029.6",,802.6,,4.1,,2.8,u,6.7,
Ealing                             ,342.1,171.7,170.4,"1,889",931,958,17,11,47,5.5,872.2,969.9,,780.9,,3.1,u,2.0,u,8.5,
Enfield                            ,324.6,157.8,166.8,"2,004",980,"1,024",13,7,21,6.2,878.3,"1,048.6",,744.9,,2.7,u,1.5,u,4.3,
Greenwich                          ,268.7,134.6,134.1,"1,590",745,845,17,11,37,5.9,"1,022.5","1,158.2",,912.1,,3.9,u,2.5,u,8.4,
Harrow                             ,246.0,122.2,123.8,"1,453",740,713,10,4,11,5.9,734.9,865.0,,628.7,,2.8,u,1.1,u,3.1,u
Havering                           ,246.0,118.2,127.8,"2,193",995,"1,198",4,3,20,8.9,887.4,"1,033.1",,780.7,,1.3,u,1.0,u,6.3,
Hillingdon                         ,292.7,146.0,146.7,"1,864",920,944,8,3,23,6.4,894.7,"1,042.0",,776.2,,1.8,u,0.7,u,5.2,
Hounslow                           ,265.6,134.4,131.2,"1,372",716,656,17,13,25,5.2,879.0,"1,083.2",,722.5,,4.0,u,3.1,u,5.9,
Kingston upon Thames               ,170.0,83.4,86.5,972,451,521,10,9,20,5.7,764.2,875.1,,668.7,,4.5,u,4.0,u,8.8,
Merton                             ,203.5,100.0,103.6,"1,213",592,621,9,6,23,6.0,890.5,"1,056.0",,763.8,,2.7,u,1.8,u,7.0,
Redbridge                          ,293.1,145.2,147.9,"1,657",839,818,9,6,18,5.7,823.4,"1,006.8",,690.5,,1.9,u,1.3,u,3.8,u
Richmond upon Thames               ,193.6,94.1,99.5,"1,110",511,599,9,9,25,5.7,710.0,824.1,,619.2,,3.5,u,3.5,u,9.6,
Sutton                             ,198.1,96.5,101.6,"1,569",704,865,8,5,18,7.9,961.9,"1,065.5",,880.7,,2.9,u,1.8,u,6.5,u
Waltham Forest                     ,268.0,133.9,134.1,"1,473",758,715,14,11,31,5.5,930.5,"1,139.4",,768.5,,3.0,u,2.4,u,6.7,
,,,,,,,,,,,,,,,,,,,,,
SOUTH EAST                         ,"8,873.8","4,364.8","4,509.0","76,971","37,109","39,862",333,240,637,8.7,880.8,"1,036.7",,760.3,,3.3,,2.3,,6.2,
,,,,,,,,,,,,,,,,,,,,,
Bracknell Forest                ,118.0,58.6,59.4,668,333,335,1,0,3,5.7,797.1,966.1,,673.6,,,u,,u,2.0,u
Brighton and Hove            ,281.1,140.9,140.1,"1,976",972,"1,004",13,9,16,7.0,907.7,"1,088.3",,762.5,,4.4,u,3.0,u,5.3,u
Isle of Wight                  ,139.1,68.0,71.2,"1,690",840,850,6,5,7,12.1,917.0,"1,118.9",,751.4,,4.6,u,3.8,u,5.3,u
Medway                       ,274.0,136.0,138.0,"2,227","1,064","1,163",15,14,32,8.1,"1,064.9","1,191.0",,956.1,,4.2,u,4.0,u,9.0,
Milton Keynes                   ,259.2,128.3,130.9,"1,687",839,848,17,11,22,6.5,"1,002.3","1,189.0",,860.7,,4.6,u,3.0,u,6.0,
Portsmouth                     ,209.1,105.9,103.2,"1,715",863,852,10,7,19,8.2,"1,074.3","1,290.4",,901.6,,3.7,u,2.6,u,7.0,u
Reading                      ,160.8,80.9,79.9,"1,021",504,517,12,11,31,6.3,943.8,"1,084.6",,826.1,,4.7,u,4.3,u,12.0,
Slough                           ,144.6,72.4,72.2,755,402,353,9,7,21,5.2,965.4,"1,188.0",,795.9,,3.5,u,2.7,u,8.1,
Southampton              ,245.3,124.6,120.6,"1,760",923,837,9,4,20,7.2,988.4,"1,268.4",,780.3,,2.7,u,1.2,u,6.0,
West Berkshire              ,155.7,77.2,78.5,"1,147",580,567,4,4,13,7.4,842.4,977.8,,719.2,,2.2,u,2.2,u,7.0,u
Windsor and Maidenhead           ,147.4,72.9,74.5,"1,204",592,612,5,4,14,8.2,832.2,"1,007.4",,699.7,,3.0,u,2.4,u,8.3,u
Wokingham                  ,159.1,78.6,80.5,"1,142",554,588,8,5,17,7.2,830.5,968.4,,731.8,,4.4,u,2.8,u,9.3,u
,,,,,,,,,,,,,,,,,,,,,
Buckinghamshire                    ,521.9,255.8,266.1,"4,014","1,957","2,057",19,13,45,7.7,816.1,984.5,,695.0,,3.2,u,2.2,u,7.5,
Aylesbury Vale                     ,184.6,91.1,93.4,"1,369",664,705,6,5,12,7.4,889.8,"1,080.5",,761.5,,2.7,u,2.3,u,5.4,u
Chiltern                           ,94.0,45.6,48.4,764,378,386,6,4,10,8.1,729.1,885.1,,604.6,,6.6,u,4.4,u,10.8,u
South Bucks                        ,68.5,33.1,35.5,641,313,328,2,1,6,9.4,809.6,"1,032.9",,663.2,,,u,,u,8.2,u
Wycombe                            ,174.9,86.0,88.8,"1,240",602,638,5,3,17,7.1,812.5,946.3,,712.9,,2.3,u,1.4,u,7.9,u
,,,,,,,,,,,,,,,,,,,,,
East Sussex                        ,539.8,260.6,279.1,"6,169","2,888","3,281",21,15,30,11.4,859.0,"1,014.4",,742.1,,4.1,,2.9,u,5.8,
Eastbourne                         ,101.5,48.9,52.6,"1,265",568,697,8,4,5,12.5,893.3,"1,028.8",,788.9,,7.2,u,3.6,u,4.5,u
Hastings                           ,91.1,44.5,46.6,949,441,508,5,4,10,10.4,"1,051.7","1,199.1",,929.8,,4.6,u,3.7,u,9.2,u
Lewes                              ,100.2,48.7,51.5,"1,003",497,506,2,1,6,10.0,751.6,934.7,,612.6,,,u,,u,6.7,u
Rother                             ,92.1,44.0,48.2,"1,329",628,701,1,1,1,14.4,875.9,"1,055.0",,741.1,,,u,,u,,u
Wealden                            ,154.8,74.6,80.2,"1,623",754,869,5,5,8,10.5,807.6,947.8,,710.4,,3.7,u,3.7,u,5.9,u
,,,,,,,,,,,,,,,,,,,,,
Hampshire                          ,"1,346.1",658.7,687.4,"11,959","5,777","6,182",41,32,74,8.9,842.2,987.2,,732.1,,2.8,,2.2,,5.1,
Basingstoke and Deane              ,172.9,85.5,87.4,"1,282",648,634,10,7,7,7.4,916.5,"1,063.5",,794.1,,4.7,u,3.3,u,3.3,u
East Hampshire                     ,117.5,57.0,60.4,"1,090",519,571,5,3,7,9.3,833.0,971.9,,729.7,,4.5,u,2.7,u,6.2,u
Eastleigh                          ,128.9,63.1,65.8,984,472,512,2,2,7,7.6,818.5,958.0,,717.4,,,u,,u,4.5,u
Fareham                            ,114.3,56.0,58.3,"1,171",536,635,2,2,3,10.2,902.5,"1,000.3",,823.7,,,u,,u,2.9,u
Gosport                            ,84.3,41.8,42.5,778,390,388,2,1,3,9.2,951.4,"1,147.4",,808.1,,,u,,u,3.2,u
Hart                               ,93.3,46.3,47.0,636,352,284,2,2,2,6.8,739.6,992.9,,563.3,,,u,,u,,u
Havant                             ,122.2,59.3,62.9,"1,255",585,670,2,2,8,10.3,876.1,962.7,,796.6,,,u,,u,6.4,u
New Forest                         ,178.9,86.0,92.9,"2,037",961,"1,076",3,3,12,11.4,764.8,897.4,,673.9,,1.9,u,1.9,u,7.7,u
Rushmoor                           ,95.3,47.7,47.6,629,318,311,3,2,10,6.6,932.2,"1,149.6",,771.6,,2.2,u,,u,7.2,u
Test Valley                        ,119.3,58.2,61.2,"1,009",480,529,7,5,8,8.5,822.0,936.0,,720.5,,5.5,u,3.9,u,6.2,u
Winchester                         ,119.2,57.8,61.5,"1,088",516,572,3,3,7,9.1,828.9,996.5,,703.8,,2.4,u,2.4,u,5.7,u
,,,,,,,,,,,,,,,,,,,,,
Kent                               ,"1,510.4",740.1,770.3,"14,014","6,748","7,266",54,36,99,9.3,927.5,"1,087.2",,806.4,,3.1,,2.1,,5.7,
Ashford                            ,123.3,59.9,63.4,"1,087",502,585,5,4,11,8.8,929.8,"1,037.6",,849.6,,3.4,u,2.7,u,7.4,u
Canterbury                         ,157.6,76.7,81.0,"1,562",748,814,3,3,7,9.9,926.1,"1,112.9",,798.0,,2.2,u,2.2,u,5.1,u
Dartford                           ,102.2,50.4,51.9,823,395,428,4,2,4,8.1,"1,005.4","1,125.8",,899.5,,2.7,u,,u,2.7,u
Dover                              ,113.1,55.6,57.4,"1,231",604,627,4,4,9,10.9,975.2,"1,148.2",,847.0,,3.4,u,3.4,u,7.7,u
Gravesham                          ,105.3,52.0,53.3,894,449,445,9,6,18,8.5,986.3,"1,150.7",,842.2,,6.2,u,4.1,u,12.3,u
Maidstone                          ,161.8,79.9,81.9,"1,431",665,766,3,2,10,8.8,941.5,"1,082.1",,843.1,,1.5,u,,u,5.0,u
Sevenoaks                          ,117.8,57.0,60.8,"1,002",475,527,5,3,7,8.5,811.3,970.7,,702.1,,3.9,u,2.3,u,5.4,u
Shepway                            ,109.5,54.1,55.4,"1,228",617,611,4,2,4,11.2,945.2,"1,138.8",,793.9,,3.7,u,,u,3.7,u
Swale                              ,140.8,69.6,71.2,"1,268",647,621,7,3,8,9.0,"1,014.1","1,225.9",,849.7,,4.0,u,1.7,u,4.5,u
Thanet                             ,138.4,66.8,71.7,"1,652",790,862,9,7,12,11.9,"1,036.4","1,239.6",,884.4,,5.7,u,4.4,u,7.5,u
Tonbridge and Malling              ,124.4,60.9,63.5,887,436,451,0,0,5,7.1,771.7,911.6,,669.1,,,u,,u,3.5,u
Tunbridge Wells                    ,116.1,57.2,58.9,949,420,529,1,0,4,8.2,806.4,894.6,,731.0,,,u,,u,3.3,u
,,,,,,,,,,,,,,,,,,,,,
Oxfordshire                        ,672.5,334.0,338.5,"5,399","2,592","2,807",22,17,43,8.0,879.2,"1,021.1",,763.4,,2.8,,2.2,u,5.5,
Cherwell                           ,144.5,71.5,73.0,"1,268",630,638,5,4,7,8.8,"1,006.4","1,196.7",,851.2,,2.8,u,2.2,u,3.8,u
Oxford                             ,158.0,79.6,78.4,910,430,480,4,1,10,5.8,877.6,"1,026.0",,752.9,,2.2,u,,u,5.4,u
South Oxfordshire                  ,137.0,67.5,69.5,"1,178",574,604,6,6,11,8.6,826.1,973.1,,709.9,,4.0,u,4.0,u,7.3,u
Vale of White Horse                ,124.9,62.1,62.7,"1,032",512,520,3,3,7,8.3,808.7,961.2,,686.8,,2.1,u,2.1,u,4.9,u
West Oxfordshire                   ,108.2,53.3,54.8,"1,011",446,565,4,3,8,9.3,885.5,957.8,,823.9,,3.4,u,2.5,u,6.7,u
,,,,,,,,,,,,,,,,,,,,,
Surrey                             ,"1,161.3",569.6,591.7,"9,762","4,580","5,182",35,27,84,8.4,831.0,955.9,,731.0,,2.6,,2.0,,6.2,
Elmbridge                          ,132.8,64.2,68.6,"1,037",468,569,3,1,6,7.8,756.6,860.5,,675.7,,1.7,u,,u,3.4,u
Epsom and Ewell                    ,78.3,38.0,40.3,599,300,299,3,2,7,7.6,812.5,971.3,,683.3,,3.3,u,,u,7.6,u
Guildford                          ,143.0,71.2,71.8,"1,005",467,538,6,6,11,7.0,781.4,894.2,,692.0,,3.9,u,3.9,u,7.1,u
Mole Valley                        ,86.2,42.0,44.2,857,409,448,0,0,5,9.9,831.1,963.3,,727.6,,,u,,u,6.2,u
Reigate and Banstead               ,143.1,70.1,73.0,"1,342",619,723,3,2,10,9.4,935.4,"1,068.5",,831.2,,1.6,u,,u,5.4,u
Runnymede                          ,84.6,41.3,43.3,616,299,317,1,1,11,7.3,772.6,916.7,,665.8,,,u,,u,11.2,u
Spelthorne                         ,98.1,48.5,49.7,863,421,442,4,3,7,8.8,890.1,"1,037.6",,773.2,,3.2,u,2.4,u,5.5,u
Surrey Heath                       ,87.5,43.4,44.1,736,341,395,3,3,7,8.4,887.7,972.4,,801.1,,3.2,u,3.2,u,7.5,u
Tandridge                          ,85.4,41.5,43.9,806,365,441,3,1,3,9.4,883.2,985.1,,786.2,,3.3,u,,u,3.3,u
Waverley                           ,122.9,60.0,62.9,"1,147",537,610,5,5,12,9.3,784.5,930.5,,677.6,,4.1,u,4.1,u,9.8,u
Woking                             ,99.4,49.3,50.1,754,354,400,4,3,5,7.6,839.5,958.2,,746.6,,2.9,u,2.2,u,3.7,u
,,,,,,,,,,,,,,,,,,,,,
West Sussex                        ,828.4,401.6,426.8,"8,662","4,101","4,561",32,19,47,10.5,866.9,"1,030.2",,743.2,,3.7,,2.2,u,5.4,
Adur                               ,63.2,30.6,32.6,694,333,361,2,1,2,11.0,902.5,"1,056.7",,784.7,,,u,,u,,u
Arun                               ,154.4,73.9,80.5,"2,049",959,"1,090",3,2,4,13.3,899.5,"1,062.0",,773.1,,2.1,u,,u,2.7,u
Chichester                         ,115.5,55.3,60.2,"1,356",659,697,4,1,4,11.7,826.3,"1,011.3",,691.2,,3.8,u,,u,3.8,u
Crawley                            ,109.9,54.7,55.2,697,347,350,5,3,8,6.3,850.4,"1,031.7",,719.6,,3.1,u,1.9,u,4.9,u
Horsham                            ,134.2,65.2,69.0,"1,228",603,625,7,3,4,9.2,809.2,970.9,,688.8,,5.7,u,2.4,u,3.2,u
Mid Sussex                         ,144.4,70.6,73.8,"1,318",620,698,4,2,14,9.1,840.8,"1,005.7",,704.6,,2.6,u,,u,9.1,u
Worthing                           ,106.9,51.4,55.5,"1,320",580,740,7,7,11,12.4,966.6,"1,114.0",,856.7,,6.2,u,6.2,u,9.6,u
,,,,,,,,,,,,,,,,,,,,,
SOUTH WEST                         ,"5,423.3","2,663.5","2,759.8","52,968","25,695","27,273",192,123,330,9.8,884.2,"1,050.6",,756.4,,3.3,,2.1,,5.6,
,,,,,,,,,,,,,,,,,,,,,
Bath and North East Somerset     ,182.0,89.6,92.4,"1,559",744,815,3,3,6,8.6,826.8,985.8,,707.5,,1.8,u,1.8,u,3.5,u
Bournemouth                      ,191.4,96.3,95.1,"1,915",930,985,5,4,9,10.0,952.3,"1,147.9",,794.0,,2.2,u,1.8,u,4.0,u
Bristol‚ City of                ,442.5,220.9,221.5,"3,222","1,567","1,655",20,10,39,7.3,974.9,"1,153.9",,834.1,,3.1,,1.6,u,6.0,
Cornwall and Isles of Scilly3 ,547.6,265.9,281.7,"5,889","2,881","3,008",21,16,36,10.8,923.8,"1,096.4",,787.0,,3.9,,2.9,u,6.6,
North Somerset                  ,208.2,101.2,106.9,"2,181","1,077","1,104",5,2,13,10.5,881.7,"1,075.1",,737.9,,2.3,u,,u,5.9,u
Plymouth                      ,261.5,130.0,131.6,"2,266","1,120","1,146",12,8,30,8.7,968.0,"1,132.2",,830.6,,3.9,u,2.6,u,9.6,
Poole                            ,150.1,73.6,76.5,"1,604",751,853,4,3,4,10.7,887.7,"1,033.1",,775.3,,2.4,u,1.8,u,2.4,u
South Gloucestershire            ,271.6,134.8,136.7,"2,029","1,006","1,023",13,8,22,7.5,805.7,952.0,,695.2,,4.1,u,2.5,u,7.0,
Swindon                          ,215.8,107.6,108.2,"1,616",795,821,8,6,10,7.5,954.5,"1,087.8",,842.7,,2.7,u,2.1,u,3.4,u
Torbay                           ,133.0,64.3,68.7,"1,738",842,896,7,4,10,13.1,978.1,"1,192.5",,824.6,,4.9,u,2.8,u,6.9,u
Wiltshire                        ,483.1,238.8,244.3,"4,310","2,067","2,243",18,12,25,8.9,859.5,998.0,,746.0,,3.4,u,2.3,u,4.7,
,,,,,,,,,,,,,,,,,,,,,
Devon                              ,765.3,372.7,392.6,"8,377","4,025","4,352",23,16,32,10.9,864.3,"1,034.2",,736.1,,3.2,,2.2,u,4.5,
East Devon                         ,136.4,65.9,70.5,"1,813",811,"1,002",5,3,4,13.3,827.8,919.6,,761.9,,4.3,u,2.6,u,3.4,u
Exeter                             ,124.3,61.3,63.1,"1,029",499,530,3,2,2,8.3,927.9,"1,199.0",,748.4,,2.2,u,,u,,u
Mid Devon                          ,79.2,38.8,40.4,709,351,358,3,2,5,9.0,792.8,939.1,,679.0,,3.7,u,,u,6.2,u
North Devon                        ,94.1,46.0,48.1,"1,107",533,574,2,2,7,11.8,945.6,"1,112.2",,808.9,,,u,,u,7.5,u
South Hams                         ,84.1,40.6,43.5,874,416,458,3,2,6,10.4,794.6,911.1,,703.6,,4.3,u,,u,8.5,u
Teignbridge                        ,127.4,61.6,65.8,"1,483",702,781,4,4,2,11.6,870.7,"1,042.5",,736.2,,3.4,u,3.4,u,,u
Torridge                           ,65.6,32.1,33.5,787,424,363,2,0,4,12.0,980.2,"1,303.3",,746.3,,,u,,u,7.0,u
West Devon                         ,54.3,26.5,27.8,575,289,286,1,1,2,10.6,825.2,"1,055.5",,666.0,,,u,,u,,u
,,,,,,,,,,,,,,,,,,,,,
Dorset                             ,418.3,203.9,214.4,"4,812","2,343","2,469",7,5,18,11.5,797.2,950.8,,687.1,,2.0,u,1.4,u,5.1,u
Christchurch                       ,48.9,23.5,25.4,674,342,332,0,0,1,13.8,793.3,981.5,,662.3,,,u,,u,,u
East Dorset                        ,88.2,42.4,45.8,"1,032",490,542,1,0,4,11.7,712.7,825.8,,628.8,,,u,,u,6.0,u
North Dorset                       ,70.0,34.9,35.2,660,336,324,2,1,2,9.4,766.6,994.8,,632.3,,,u,,u,,u
Purbeck                            ,45.7,22.5,23.1,469,236,233,0,0,0,10.3,784.6,932.4,,686.0,,,u,,u,,u
West Dorset                        ,100.5,48.4,52.1,"1,218",555,663,3,3,9,12.1,797.1,912.2,,707.5,,3.8,u,3.8,u,11.3,u
Weymouth and Portland              ,65.0,32.2,32.8,759,384,375,1,1,2,11.7,993.5,"1,200.2",,832.8,,,u,,u,,u
,,,,,,,,,,,,,,,,,,,,,
Gloucestershire                    ,611.3,299.7,311.6,"5,885","2,808","3,077",21,13,39,9.6,914.1,"1,076.7",,791.2,,3.2,,2.0,u,5.9,
Cheltenham                         ,116.5,57.1,59.4,"1,064",501,563,7,4,8,9.1,886.7,"1,063.1",,756.7,,4.9,u,2.8,u,5.6,u
Cotswold                           ,84.6,40.8,43.8,883,428,455,0,0,3,10.4,823.2,998.8,,688.7,,,u,,u,4.4,u
Forest of Dean                     ,83.7,41.1,42.6,869,425,444,1,0,3,10.4,923.2,"1,102.9",,791.6,,,u,,u,3.8,u
Gloucester                         ,125.6,61.9,63.7,"1,062",489,573,9,6,13,8.5,"1,002.1","1,114.9",,910.5,,5.2,u,3.5,u,7.5,u
Stroud                             ,115.1,56.7,58.4,"1,183",556,627,3,2,6,10.3,971.2,"1,125.1",,855.6,,3.0,u,,u,5.9,u
Tewkesbury                         ,85.8,42.1,43.7,824,409,415,1,1,6,9.6,868.3,"1,052.6",,726.6,,,u,,u,6.0,u
,,,,,,,,,,,,,,,,,,,,,
Somerset County                    ,541.6,264.2,277.4,"5,565","2,739","2,826",25,13,37,10.3,855.6,"1,032.6",,720.4,,4.5,,2.3,u,6.6,
Mendip                             ,110.8,54.0,56.8,"1,093",541,552,3,2,4,9.9,874.4,"1,064.4",,732.2,,2.7,u,,u,3.6,u
Sedgemoor                          ,119.1,58.3,60.8,"1,184",595,589,8,4,12,9.9,885.1,"1,072.1",,742.3,,6.2,u,3.1,u,9.3,u
South Somerset                     ,164.6,80.8,83.8,"1,654",800,854,5,2,10,10.1,819.7,967.1,,704.1,,3.0,u,,u,5.9,u
Taunton Deane                      ,112.8,54.7,58.2,"1,209",595,614,7,4,9,10.7,900.8,"1,086.9",,749.4,,5.6,u,3.2,u,7.2,u
West Somerset                      ,34.3,16.4,17.9,425,208,217,2,1,2,12.4,768.9,990.9,,636.3,,,u,,u,,u
,,,,,,,,,,,,,,,,,,,,,
WALES                              ,"3,092.0","1,521.3","1,570.7","31,439","15,341","16,098",123,80,242,10.2,"1,016.9","1,196.0",,878.1,,3.7,,2.4,,7.2,
,,,,,,,,,,,,,,,,,,,,,
Isle of Anglesey                   ,70.2,34.5,35.7,780,376,404,4,2,5,11.1,940.5,"1,112.3",,814.8,,5.4,u,,u,6.7,u
Gwynedd                            ,122.3,60.5,61.7,"1,235",575,660,5,5,14,10.1,886.0,"1,013.6",,779.0,,4.3,u,4.3,u,11.8,u
Conwy                              ,116.3,56.4,59.9,"1,519",757,762,5,3,7,13.1,973.9,"1,183.7",,819.2,,4.5,u,2.7,u,6.3,u
Denbighshire                       ,94.8,46.7,48.1,"1,241",607,634,3,2,4,13.1,"1,173.0","1,342.7",,"1,024.0",,2.7,u,,u,3.6,u
Flintshire                         ,153.8,75.8,78.1,"1,387",701,686,5,4,17,9.0,961.1,"1,124.1",,829.6,,3.1,u,2.5,u,10.4,u
Wrexham                            ,136.7,68.1,68.6,"1,388",677,711,6,4,10,10.2,"1,097.9","1,262.5",,968.5,,3.7,u,2.5,u,6.2,u
Powys                              ,132.7,65.6,67.0,"1,454",707,747,3,2,6,11.0,867.9,"1,003.7",,766.9,,2.6,u,,u,5.2,u
Ceredigion                         ,75.4,37.9,37.6,746,382,364,3,3,5,9.9,869.3,"1,040.3",,730.9,,5.0,u,5.0,u,8.3,u
Pembrokeshire                      ,123.7,60.7,63.0,"1,326",661,665,3,1,5,10.7,912.0,"1,089.5",,777.8,,2.4,u,,u,4.1,u
Carmarthenshire                    ,184.9,90.5,94.4,"2,121","1,005","1,116",3,3,8,11.5,"1,029.8","1,174.2",,909.2,,1.7,u,1.7,u,4.4,u
Swansea                            ,241.3,120.0,121.3,"2,400","1,133","1,267",14,10,27,9.9,"1,004.7","1,174.1",,875.4,,5.6,u,4.0,u,10.6,
Neath Port Talbot                  ,140.5,68.9,71.6,"1,565",747,818,3,3,14,11.1,"1,106.0","1,301.6",,966.8,,2.0,u,2.0,u,9.3,u
Bridgend                           ,141.2,69.7,71.5,"1,513",779,734,5,1,8,10.7,"1,130.0","1,367.4",,932.2,,3.4,u,,u,5.4,u
Vale of Glamorgan                  ,127.7,62.1,65.6,"1,221",611,610,3,2,11,9.6,939.9,"1,195.3",,773.0,,2.4,u,,u,8.6,u
Cardiff                            ,354.3,174.3,180.0,"2,727","1,328","1,399",23,15,38,7.7,"1,011.3","1,217.4",,861.7,,5.0,,3.3,u,8.2,
Rhondda‚ Cynon‚ Taff               ,236.9,116.1,120.8,"2,500","1,240","1,260",11,6,19,10.6,"1,172.0","1,390.6",,996.2,,4.0,u,2.2,u,6.9,u
Merthyr Tydfil                     ,59.1,29.0,30.1,604,289,315,5,3,9,10.2,"1,136.2","1,219.9",,"1,028.5",,6.7,u,4.0,u,12.0,u
Caerphilly                         ,179.9,88.1,91.8,"1,736",851,885,3,1,8,9.6,"1,110.2","1,304.4",,972.6,,1.4,u,,u,3.8,u
Blaenau Gwent                      ,69.7,34.3,35.4,778,382,396,2,2,7,11.2,"1,201.6","1,402.2",,"1,060.9",,,u,,u,9.0,u
Torfaen                            ,91.6,44.7,46.9,925,448,477,4,3,4,10.1,"1,022.8","1,204.8",,883.6,,4.0,u,3.0,u,4.0,u
Monmouthshire                      ,92.3,45.4,46.9,906,411,495,4,1,6,9.8,845.5,913.3,,781.3,,5.2,u,,u,7.7,u
Newport                            ,146.8,72.0,74.8,"1,367",674,693,6,4,10,9.3,"1,052.3","1,267.9",,898.7,,3.2,u,2.1,u,5.3,u
,,,,,,,,,,,,,,,,,,,,,
Outside England and Wales          ,:,:,:,"1,110",685,425,18,10,35,:,:,:,,:,,:,,:,,:,
,,,,,,,,,,,,,,,,,,,,,
"SCOTLAND 1,4                          ","5,347.6","2,596.4","2,751.2","54,239","26,289","27,950",207,137,334,10.1,"1,116.9","1,309.7",,970.8,,3.6,,2.4,,5.9,
Council areas,,,,,,,,,,,,,,,,,,,,,
Aberdeen City                      ,229.0,113.5,115.5,"2,187","1,068","1,119",15,9,20,9.6,"1,197.2","1,423.7",,"1,025.9",,5.8,u,3.5,u,7.8,
Aberdeenshire                      ,260.5,129.5,131.0,"2,295","1,138","1,157",9,6,19,8.8,"1,017.4","1,172.4",,896.0,,3.2,u,2.1,u,6.7,u
Angus                              ,116.7,56.8,59.9,"1,306",619,687,4,2,6,11.2,"1,029.3","1,198.2",,903.9,,3.5,u,,u,5.2,u
Argyll & Bute                      ,87.7,43.4,44.2,"1,042",516,526,1,0,2,11.9,"1,041.1","1,242.0",,880.1,,,u,,u,,u
Clackmannanshire                   ,51.2,25.1,26.1,488,238,250,1,1,4,9.5,"1,112.7","1,289.5",,988.8,,,u,,u,7.1,u
Dumfries & Galloway                ,149.9,72.8,77.1,"1,883",926,957,4,3,6,12.6,"1,099.5","1,270.6",,969.0,,3.1,u,2.3,u,4.7,u
Dundee City                        ,148.3,71.4,76.9,"1,604",808,796,14,8,10,10.8,"1,183.1","1,459.4",,978.6,,8.2,u,4.7,u,5.8,u
East Ayrshire                      ,122.2,59.2,63.0,"1,388",659,729,1,1,8,11.4,"1,227.5","1,358.0",,"1,119.6",,,u,,u,6.3,u
East Dunbartonshire                ,106.7,51.7,55.0,"1,044",511,533,1,1,4,9.8,916.0,"1,087.8",,790.8,,,u,,u,4.3,u
East Lothian                       ,102.1,48.8,53.2,"1,020",512,508,3,3,8,10.0,"1,043.6","1,272.7",,877.2,,3.0,u,3.0,u,7.9,u
East Renfrewshire                  ,92.4,44.0,48.4,878,404,474,1,1,2,9.5,947.7,"1,128.2",,832.3,,,u,,u,,u
"Edinburgh, City of                  ",492.7,239.9,252.8,"4,154","1,985","2,169",16,12,28,8.4,"1,030.8","1,230.4",,881.3,,2.9,u,2.2,u,5.0,
Eilean Siar                        ,27.3,13.4,13.8,346,186,160,0,0,1,12.7,"1,068.4","1,419.4",,808.5,,,u,,u,,u
Falkirk                            ,157.6,77.0,80.6,"1,519",717,802,7,4,7,9.6,"1,108.3","1,242.3",,"1,003.1",,4.1,u,2.3,u,4.1,u
Fife                               ,367.3,177.9,189.3,"3,577","1,761","1,816",18,12,28,9.7,"1,028.8","1,212.9",,889.9,,4.6,u,3.1,u,7.2,
Glasgow City                       ,599.7,290.0,309.6,"6,205","3,018","3,187",38,26,44,10.3,"1,380.6","1,688.8",,"1,164.8",,5.1,,3.5,,5.9,
Highland                           ,233.1,114.1,119.0,"2,325","1,174","1,151",3,2,10,10.0,994.6,"1,174.0",,844.9,,1.3,u,,u,4.3,u
Inverclyde                         ,79.9,38.1,41.7,937,428,509,0,0,2,11.7,"1,170.5","1,342.9",,"1,040.4",,,u,,u,,u
Midlothian                         ,86.2,41.5,44.7,837,399,438,6,1,5,9.7,"1,130.5","1,261.8",,"1,019.7",,5.8,u,,u,4.8,u
Moray                              ,94.8,46.7,48.1,947,464,483,4,3,6,10.0,"1,016.2","1,180.3",,889.7,,4.3,u,3.2,u,6.4,u
North Ayrshire                     ,136.5,64.9,71.6,"1,582",781,801,4,2,9,11.6,"1,155.7","1,379.6",,990.4,,3.1,u,,u,7.0,u
North Lanarkshire                  ,338.0,163.4,174.5,"3,365","1,635","1,730",19,17,36,10.0,"1,278.3","1,459.5",,"1,127.9",,5.1,u,4.6,u,9.6,
Orkney Islands                     ,21.6,10.7,10.9,205,109,96,0,0,1,9.5,920.0,"1,072.8",,786.1,,,u,,u,,u
Perth & Kinross                    ,148.9,72.7,76.2,"1,498",707,791,5,2,2,10.1,911.2,"1,052.6",,805.5,,3.7,u,,u,,u
Renfrewshire                       ,174.2,83.8,90.5,"1,909",955,954,6,4,11,11.0,"1,206.3","1,449.5",,"1,020.5",,3.3,u,2.2,u,6.0,u
Scottish Borders                   ,114.0,55.3,58.7,"1,335",657,678,2,2,9,11.7,"1,054.6","1,255.1",,907.9,,,u,,u,8.3,u
Shetland Islands                   ,23.2,11.8,11.4,225,105,120,1,1,2,9.7,"1,068.2","1,083.3",,"1,004.0",,,u,,u,,u
South Ayrshire                     ,112.5,53.7,58.8,"1,404",618,786,3,2,9,12.5,"1,084.8","1,158.0",,"1,027.3",,2.9,u,,u,8.7,u
South Lanarkshire                  ,315.4,151.8,163.6,"3,323","1,570","1,753",9,6,17,10.5,"1,166.4","1,374.7",,"1,021.1",,2.6,u,1.8,u,5.0,u
Stirling                           ,91.6,44.0,47.6,898,420,478,0,0,4,9.8,"1,088.9","1,252.4",,969.1,,,u,,u,4.7,u
West Dunbartonshire                ,89.7,42.7,47.0,"1,043",505,538,5,3,5,11.6,"1,308.3","1,589.6",,"1,124.2",,5.1,u,3.0,u,5.1,u
West Lothian                       ,177.2,86.8,90.4,"1,470",696,774,7,3,9,8.3,"1,151.3","1,248.9",,"1,060.3",,3.4,u,1.5,u,4.4,u
,,,,,,,,,,,,,,,,,,,,,
"NORTHERN IRELAND1,5                   ","1,840.5",902.7,937.8,"14,678","7,024","7,654",118,96,161,8.0,"1,005.7","1,167.9",,884.2,,4.8,,3.9,,6.5,
Local Government Districts,,,,,,,,,,,,,,,,,,,,,
Antrim                             ,54.1,26.6,27.5,411,203,208,0,0,3,7.6,"1,062.7","1,250.6",,920.4,,,u,,u,4.3,u
Ards                               ,78.9,38.5,40.4,692,325,367,3,1,4,8.8,968.2,"1,107.2",,870.3,,3.5,u,,u,4.6,u
Armagh                             ,60.8,30.3,30.5,441,209,232,5,4,4,7.3,964.4,"1,041.9",,879.8,,5.8,u,4.6,u,4.6,u
Ballymena                          ,65.2,32.0,33.2,566,289,277,4,4,6,8.7,970.2,"1,232.0",,792.3,,5.0,u,5.0,u,7.5,u
Ballymoney                         ,31.9,15.7,16.2,232,124,108,0,0,3,7.3,906.6,"1,136.3",,721.9,,,u,,u,7.6,u
Banbridge                          ,49.2,24.4,24.8,336,157,179,4,3,4,6.8,917.3,"1,093.1",,813.7,,6.1,u,4.6,u,6.1,u
Belfast                            ,283.2,136.9,146.2,"2,627","1,268","1,359",17,14,31,9.3,"1,151.2","1,408.0",,970.2,,4.4,u,3.6,u,7.9,
Carrickfergus                      ,39.1,18.9,20.2,316,133,183,3,2,3,8.1,939.5,"1,050.2",,890.1,,6.9,u,,u,6.9,u
Castlereagh                        ,68.4,32.8,35.5,587,264,323,6,4,7,8.6,903.8,996.4,,823.5,,7.3,u,4.8,u,8.4,u
Coleraine                          ,59.2,28.9,30.3,493,244,249,1,1,2,8.3,927.3,"1,108.1",,791.1,,,u,,u,,u
Cookstown                          ,37.9,18.9,19.0,234,101,133,6,6,7,6.2,870.1,853.9,,849.6,,10.5,u,10.5,u,12.2,u
Craigavon                          ,96.8,47.8,49.0,720,338,382,10,7,15,7.4,"1,021.8","1,133.2",,928.5,,6.8,u,4.8,u,10.2,u
Derry                              ,109.2,53.3,55.8,796,408,388,11,11,13,7.3,"1,121.0","1,286.0",,976.8,,6.6,u,6.6,u,7.7,u
Down                               ,70.5,34.6,35.8,597,298,299,6,6,5,8.5,"1,017.1","1,207.3",,869.7,,6.6,u,6.6,u,5.5,u
Dungannon                          ,60.1,30.2,29.9,430,212,218,2,1,6,7.2,"1,094.0","1,268.9",,957.0,,,u,,u,6.5,u
Fermanagh                          ,63.0,31.6,31.4,533,254,279,4,3,4,8.5,"1,018.7","1,178.7",,910.1,,4.9,u,3.7,u,4.9,u
Larne                              ,32.3,15.8,16.5,285,139,146,1,1,2,8.8,964.8,"1,203.2",,822.3,,,u,,u,,u
Limavady                           ,34.0,17.2,16.8,239,105,134,4,4,4,7.0,"1,005.7","1,022.0",,977.9,,9.3,u,9.3,u,9.3,u
Lisburn                            ,123.6,60.4,63.2,848,389,459,7,5,10,6.9,926.6,"1,061.0",,835.6,,4.2,u,3.0,u,6.0,u
Magherafelt                        ,46.3,23.2,23.1,287,156,131,2,2,3,6.2,888.4,"1,095.1",,710.6,,,u,,u,4.5,u
Moyle                              ,17.2,8.6,8.6,150,79,71,1,1,1,8.7,"1,019.6","1,273.2",,833.7,,,u,,u,,u
Newry and Mourne                   ,102.5,50.9,51.6,708,351,357,4,3,6,6.9,"1,025.9","1,222.7",,890.6,,2.4,u,1.8,u,3.6,u
Newtownabbey                       ,85.9,41.3,44.5,719,327,392,7,6,8,8.4,998.7,"1,126.5",,911.6,,6.5,u,5.6,u,7.4,u
North Down                         ,79.3,38.0,41.3,757,340,417,4,2,4,9.5,952.9,"1,099.8",,848.9,,4.5,u,,u,4.5,u
Omagh                              ,52.0,26.0,26.0,397,195,202,5,4,3,7.6,"1,035.8","1,136.4",,919.9,,7.0,u,5.6,u,4.2,u
Strabane                           ,40.0,19.9,20.1,277,116,161,1,1,3,6.9,926.5,927.1,,929.1,,,u,,u,5.7,u
,,,,,,,,,,,,,,,,,,,,,
"Note: Infant, neonatal and perinatal mortality rates for local areas can fluctuate quite substantially between years due to the small number of deaths recorded at these ages.",,,,,,,,,,,,,,,,,,,,,
,,,,,,,,,,,,,,,,,,,,,
"1  The age-standardised mortality rates for 2014 are standardised to the 2013 European Standard Population, expressed per 100,000 population. Age-standardised rates are used to allow comparison between populations which may contain different ",,,,,,,,,,,,,,,,,,,,,
proportions of people of different ages. Age-standardised mortality rates (ASMRs) for Scotland and Northern Ireland will differ from those published by National Records of Scotland and Northern Ireland Statistics and Research Agency as their published ,,,,,,,,,,,,,,,,,,,,,
ASMRs are based on only population data. ASMRs published here use live births instead of the population under 1.,,,,,,,,,,,,,,,,,,,,,
"2  The deaths of those whose usual residence is outside England and Wales are included in total figures for England and Wales, but excluded from any sub-division of England and Wales.",,,,,,,,,,,,,,,,,,,,,
"3  The Isles of Scilly were recoded on 1 April 2009. They are separately administered by an Isles of Scilly council and do not form part of Cornwall but, for the purposes of the representation of statistical data, they have been combined with Cornwall.",,,,,,,,,,,,,,,,,,,,,
"4  The deaths of those whose usual residence is outside Scotland are included in total figures for Scotland, and are also included any sub-division of Scotland based on where the death occurred.",,,,,,,,,,,,,,,,,,,,,
"5  The deaths of those whose usual residence is outside Northern Ireland are included in total figures for Northern Ireland, and are also included any sub-division of Northern Ireland based on where the death occurred.",,,,,,,,,,,,,,,,,,,,,
u  low reliability,,,,,,,,,,,,,,,,,,,,,
:   denotes not available,,,,,,,,,,,,,,,,,,,,,
,,,,,,,,,,,,,,,,,,,,,
Source: Office for National Statistics‚ National Records Scotland‚ Northern Ireland Statistics and Research Agency,,,,,,,Released: ,"Wednesday, January 27, 2016",,,,,,,,,,,,,